{
  "albania": [
    [
      40.444661068311056,
      19.656868990464677
    ]
  ],
  "andorra": [
    [
      42.60726714053799,
      1.6723627444705806
    ]
  ],
  "austria": [
    [
      48.631751416725756,
      14.482814741324969
    ]
  ],
  "belgium": [
    [
      50.75676054703213,
      5.892287911854698
    ]
  ],
  "bulgaria": [
    [
      42.54829655569157,
      26.40684276490316
    ]
  ],
  "croatia": [
    [
      45.594580733866955,
      17.065353008143234
    ]
  ],
  "czechrepublic": [
    [
      48.643204240782374,
      14.22728676128851
    ]
  ],
  "denmark": [
    [
      55.33269257305831,
      11.713843979099098
    ]
  ],
  "estonia": [
    [
      58.376699491533145,
      24.6377723131512
    ]
  ],
  "finland": [
    [
      64.77960491076436,
      24.824360496150906
    ]
  ],
  "france": [
    [
      44.970233083705395,
      2.0897697044080044
    ]
  ],
  "germany": [
    [
      51.6593772674904,
      7.088115901487095
    ]
  ],
  "greece": [
    [
      40.10381081251063,
      21.555693176557064
    ]
  ],
  "hungary": [
    [
      48.00828423662752,
      21.94220635208647
    ]
  ],
  "iceland": [
    [
      65.17079992188188,
      -22.012252211605837
    ]
  ],
  "italy": [
    [
      45.879094798631606,
      8.289115684648419
    ]
  ],
  "latvia": [
    [
      56.36198314356951,
      24.119900809351712
    ]
  ],
  "lithuania": [
    [
      56.00058255694993,
      22.2105047582884
    ]
  ],
  "luxembourg": [
    [
      50.14496510873427,
      6.025516412108886
    ]
  ],
  "malta": [
    [
      35.82059248022529,
      14.459230265591726
    ]
  ],
  "montenegro": [
    [
      42.01078241621329,
      19.167404754440913
    ]
  ],
  "netherlands": [
    [
      53.24124187808498,
      5.924117954723794
    ]
  ],
  "northmacedonia": [
    [
      41.02016245970533,
      20.77850413164835
    ]
  ],
  "norway": [
    [
      59.34097018980212,
      6.745270120795923
    ]
  ],
  "poland": [
    [
      52.18993462384623,
      19.74488701999918
    ]
  ],
  "portugal": [
    [
      40.93059946041147,
      -7.476799244309173
    ]
  ],
  "romania": [
    [
      46.67200915227597,
      25.788632768240337
    ]
  ],
  "sanmarino": [
    [
      43.93151565555035,
      12.48397689696336
    ]
  ],
  "serbia": [
    [
      44.33511321483005,
      21.025656143903184
    ]
  ],
  "slovakia": [
    [
      48.55885229630425,
      21.909742796714504
    ]
  ],
  "slovenia": [
    [
      45.736309875707754,
      13.859488188733993
    ]
  ],
  "spain": [
    [
      38.4436004646324,
      -2.7791965593146095
    ]
  ],
  "sweden": [
    [
      64.93573599597686,
      15.650095501504413
    ]
  ],
  "switzerland": [
    [
      46.26899803638506,
      8.027884925007868
    ]
  ],
  "turkey": [
    [
      38.85330802344903,
      42.43107650600287
    ]
  ],
  "uk": [
    [
      51.52455627970778,
      -0.49802559627309684
    ]
  ],
  "ukraine": [
    [
      49.76373897427853,
      34.21661808904748
    ]
  ]
}