{
  "A6": [
    [
      65.51899309046821,
      -20.670108643605975
    ],
    [
      66.78705098074757,
      -18.900659913684454
    ],
    [
      66.87743892092286,
      -20.29172401513793
    ],
    [
      66.97492754434967,
      -17.859560225890764
    ],
    [
      67.07793980599097,
      -18.847364272716952
    ]
  ],
  "B6": [
    [
      67.64949836311999,
      -11.773472010135972
    ],
    [
      67.63866124531833,
      -14.929832245436454
    ],
    [
      66.93851694704797,
      -12.1796183115413
    ],
    [
      64.96881900262271,
      -12.12751689269828
    ],
    [
      64.65286354722942,
      -14.837630326678436
    ]
  ],
  "C0": [
    [
      37.730959219110076,
      -7.338233556000683
    ],
    [
      36.60311371475272,
      -7.855124716657425
    ],
    [
      38.236044838090024,
      -9.430853657767516
    ],
    [
      37.38137046393914,
      -10.649555405548549
    ],
    [
      36.757155666497525,
      -9.95171524042332
    ]
  ],
  "C1": [
    [
      41.530340405021164,
      -9.48965594274326
    ],
    [
      44.18971700812079,
      -10.03959636507279
    ],
    [
      41.90293670607142,
      -10.478662086381838
    ],
    [
      39.848155782355,
      -10.553532304301369
    ],
    [
      40.33091258439006,
      -9.451679861994037
    ]
  ],
  "C3": [
    [
      52.45966688915084,
      -8.637966433986197
    ],
    [
      49.90083679546198,
      -10.668301952361587
    ],
    [
      49.92435363672001,
      -10.597179134625714
    ],
    [
      53.557138998117075,
      -9.003285484356713
    ],
    [
      51.16749308858987,
      -9.560615629522134
    ]
  ],
  "C4": [
    [
      56.96782398409906,
      -9.561400780718735
    ],
    [
      57.77651246943472,
      -7.588503595354071
    ],
    [
      57.49098009198335,
      -8.005261527171138
    ],
    [
      58.92619250919729,
      -7.00046019498179
    ],
    [
      55.84574744507504,
      -10.387428201971726
    ]
  ],
  "D0": [
    [
      35.97828194532628,
      -4.588244373454496
    ],
    [
      38.4120477377841,
      -1.9155643650673682
    ],
    [
      38.483086151918265,
      -2.361681183372827
    ],
    [
      38.75732745973963,
      -4.669590200257373
    ],
    [
      35.325755629725485,
      -5.290668838894095
    ]
  ],
  "D1": [
    [
      43.70058622852846,
      -2.831985710493986
    ],
    [
      42.65904328239885,
      -2.296375628523313
    ],
    [
      41.750961818634835,
      -2.6707201875282736
    ],
    [
      39.90388847389672,
      -5.483746539308625
    ],
    [
      43.79295363000781,
      -5.020667901570216
    ]
  ],
  "D3": [
    [
      51.131765207684836,
      -4.364219924288512
    ],
    [
      53.546637147017755,
      -4.253016505234534
    ],
    [
      50.38065694108232,
      -4.614671744742603
    ],
    [
      51.36725012566509,
      -4.1821270251910345
    ],
    [
      53.640915270969685,
      -5.8740938063939385
    ]
  ],
  "D4": [
    [
      55.60432543246116,
      -2.6996562498978625
    ],
    [
      57.910616596226596,
      -4.052171122355381
    ],
    [
      58.13853714021716,
      -5.950985898432537
    ],
    [
      57.024012909080234,
      -3.0933729688042573
    ],
    [
      56.597407430113115,
      -2.062103478685936
    ]
  ],
  "E1": [
    [
      42.14688911886002,
      0.2518292237455777
    ],
    [
      40.18229740899973,
      2.01865389571861
    ],
    [
      42.11892634293724,
      0.675015824509408
    ],
    [
      43.751587730791364,
      2.371679601984039
    ],
    [
      41.144557460774294,
      -1.5729140127955938
    ]
  ],
  "E2": [
    [
      48.703529219351566,
      0.05646788880176157
    ],
    [
      49.46747520350113,
      -0.5125205240300093
    ],
    [
      46.05521413116654,
      3.1580727914680837
    ],
    [
      45.874141897333,
      0.8477090626812425
    ],
    [
      46.70762503754137,
      -1.4243833462936162
    ]
  ],
  "E3": [
    [
      51.24018592737582,
      -0.7491233217838251
    ],
    [
      52.56340463466148,
      -0.5208697207264019
    ],
    [
      51.55739459167465,
      0.2097449573206729
    ],
    [
      53.93916887046359,
      1.828020234015356
    ],
    [
      49.789337169733926,
      1.7226897929338025
    ]
  ],
  "E4": [
    [
      55.90869915223395,
      -0.9831172869832073
    ],
    [
      58.01900453903615,
      0.6473791800925661
    ],
    [
      59.04106773413919,
      2.8876465551583568
    ],
    [
      58.40148434534145,
      2.3090415221715594
    ],
    [
      58.28967312995825,
      0.8443578959808269
    ]
  ],
  "F2": [
    [
      47.133883317023695,
      4.17474182885417
    ],
    [
      45.694814665691304,
      7.21695219789903
    ],
    [
      47.54802386156016,
      5.9232440100010475
    ],
    [
      47.29635702926554,
      7.8853353595991456
    ],
    [
      47.502822328713066,
      5.993392764373412
    ]
  ],
  "F3": [
    [
      51.4470859599104,
      3.6833541738468876
    ],
    [
      54.032608455009594,
      6.689410113814613
    ],
    [
      52.413112146594905,
      4.1910267161550285
    ],
    [
      53.3447665342862,
      6.946232263485438
    ],
    [
      51.78957024451105,
      3.6441806945880386
    ]
  ],
  "F4": [
    [
      57.084697640936575,
      3.3258554370214433
    ],
    [
      57.25355196617628,
      5.524769232508474
    ],
    [
      58.62012881761789,
      3.2681779009252256
    ],
    [
      55.52011392727446,
      4.394804166489173
    ],
    [
      55.35092255495814,
      3.41007533650649
    ]
  ],
  "F5": [
    [
      63.771192357823736,
      5.608775607235287
    ],
    [
      59.24038337380035,
      6.864797696599815
    ],
    [
      59.31918745489096,
      7.083634948732522
    ],
    [
      61.59529269759769,
      3.55236254683108
    ],
    [
      62.80752831008839,
      3.5102517130354327
    ]
  ],
  "G1": [
    [
      41.25504640875069,
      12.480018080996283
    ],
    [
      41.28009191556717,
      10.153967944904522
    ],
    [
      41.96714612743316,
      9.863513816181877
    ],
    [
      40.772035332877316,
      9.445979186102166
    ],
    [
      41.42419207359484,
      12.586771618284423
    ]
  ],
  "G2": [
    [
      49.193596746888595,
      12.53636010333436
    ],
    [
      47.918399657303816,
      8.925085088747627
    ],
    [
      44.96326964480436,
      9.600232218570417
    ],
    [
      44.704539128850435,
      12.776084487031241
    ],
    [
      45.62762905687433,
      12.536729384251855
    ]
  ],
  "G3": [
    [
      51.378352150435276,
      10.601148558664624
    ],
    [
      49.741880083161796,
      12.618576973538287
    ],
    [
      49.944423748763946,
      10.610587553729015
    ],
    [
      50.64863136828601,
      8.63740283554647
    ],
    [
      52.33989969494839,
      9.024578820285369
    ]
  ],
  "G4": [
    [
      56.070577945609585,
      11.143199374913602
    ],
    [
      57.00804711301733,
      11.001885454622176
    ],
    [
      57.82650857900647,
      10.848882915867922
    ],
    [
      59.09795039726275,
      9.617987808345397
    ],
    [
      59.20253934347867,
      11.287650452169544
    ]
  ],
  "G5": [
    [
      61.906323207898076,
      8.797485201391563
    ],
    [
      63.31420458318662,
      12.004259307963313
    ],
    [
      61.066922332952636,
      11.119584796418744
    ],
    [
      63.721399664785196,
      11.406366183879161
    ],
    [
      63.94531927823667,
      12.798572225809131
    ]
  ],
  "G6": [
    [
      65.69597008683675,
      8.905867896521269
    ],
    [
      65.09240184122774,
      12.70165871469033
    ],
    [
      67.50178653931431,
      12.545248142509788
    ],
    [
      66.14509501511327,
      10.419743713230455
    ],
    [
      68.49438367032276,
      8.304093437750689
    ]
  ],