{
  "A6": [
    [
      66.74595748030454,
      -20.104566831215294
    ],
    [
      65.08109326734171,
      -18.327858761969797
    ]
  ],
  "B6": [
    [
      64.10927269037474,
      -11.425573500744498
    ],
    [
      66.11920066833646,
      -11.613838719606036
    ]
  ],
  "C0": [
    [
      36.63470734626339,
      -8.713123953327624
    ],
    [
      38.94156845574419,
      -10.871441076155262
    ]
  ],
  "C1": [
    [
      41.095397473333655,
      -7.010783433013093
    ],
    [
      44.12340671936027,
      -6.9566192764294925
    ]
  ],
  "C3": [
    [
      49.89731005831254,
      -6.507195186360087
    ],
    [
      50.6542534765492,
      -9.3365875875283
    ]
  ],
  "C4": [
    [
      55.92950720277532,
      -7.272312415553485
    ],
    [
      57.25141677877221,
      -10.154744306323277
    ]
  ],
  "D0": [
    [
      37.51395080674154,
      -3.3643964692468358
    ],
    [
      38.88708077191484,
      -3.6522481158021027
    ]
  ],
  "D1": [
    [
      40.62823125303004,
      -3.914231739946524
    ],
    [
      43.84735346889427,
      -6.170826191288477
    ]
  ],
  "D3": [
    [
      53.876806206953646,
      -2.650733870764639
    ],
    [
      52.35250044516066,
      -5.959894505770444
    ]
  ],
  "D4": [
    [
      54.59209892877715,
      -6.212687837294208
    ],
    [
      57.250265555924656,
      -5.013160386349593
    ]
  ],
  "E1": [
    [
      44.152998809410136,
      -1.3797774284199964
    ],
    [
      43.34937984975183,
      1.2972325528873294
    ]
  ],
  "E2": [
    [
      47.5119353277518,
      2.631839051764959
    ],
    [
      49.092785493345104,
      2.788482312517697
    ]
  ],
  "E3": [
    [
      54.13674448498218,
      -1.1346657714998418
    ],
    [
      53.236467476149144,
      2.031810574229936
    ]
  ],
  "E4": [
    [
      54.470331315453926,
      2.1185404572787707
    ],
    [
      58.010616031447064,
      2.2629771132319254
    ]
  ],
  "F2": [
    [
      45.550142793237406,
      4.083625838741392
    ],
    [
      46.86457710969046,
      7.494676638914698
    ]
  ],
  "F3": [
    [
      52.43962260972847,
      3.939628923471148
    ],
    [
      53.00184616132137,
      6.745689803918127
    ]
  ],
  "F4": [
    [
      58.81252946669336,
      6.1534788502808455
    ],
    [
      56.453015525431816,
      4.570308536346733
    ]
  ],
  "F5": [
    [
      63.220391929094845,
      3.871835237970103
    ],
    [
      61.29551353421104,
      6.991892813401776
    ]
  ],
  "G1": [
    [
      40.95799443041227,
      9.519018339270295
    ],
    [
      41.47329450093393,
      9.203152566723029
    ]
  ],
  "G2": [
    [
      48.791236229125154,
      8.927791025294114
    ],
    [
      46.17262685413383,
      9.26173796459127
    ]
  ],
  "G3": [
    [
      51.48363049775174,
      10.387023506619457
    ],
    [
      50.730850443254354,
      11.703485848663803
    ]
  ],
  "G4": [
    [
      56.45167615968035,
      12.03551949218118
    ],
    [
      58.49049919244877,
      8.906855705710813
    ]
  ],
  "G5": [
    [
      61.7841787246466,
      11.650279476378035
    ],
    [
      62.269142322262,
      9.569143688218523
    ]
  ],
  "G6": [
    [
      65.18505766968025,
      9.042583709367493
    ],
    [
      68.84248116473017,
      11.991425136628262
    ]
  ],
  "H0": [
    [
      39.336335438348875,
      16.951753596787533
    ],
    [
      35.95333872436176,
      16.30938644474024
    ]
  ],
  "H1": [
    [
      41.870906681029794,
      16.097840589115574
    ],
    [
      43.59924527963582,
      13.305485627506805
    ]
  ],
  "H2": [
    [
      48.39725970276044,
      16.772389442326087
    ],
    [
      45.85268863018643,
      17.134216241464383
    ]
  ],
  "H3": [
    [
      53.662823247613574,
      17.688480008874457
    ],
    [
      54.28185148475862,
      13.976752794279268
    ]
  ],
  "H4": [
    [
      57.76303887724999,
      13.087097128062366
    ],
    [
      55.72449853961325,
      14.852155753347674
    ]
  ],
  "H5": [
    [
      62.142433596310994,
      16.053111136688393
    ],
    [
      60.97778766344562,
      14.502862187640806
    ]
  ],
  "H6": [
    [
      66.1401543684529,
      14.673519381992016
    ],
    [
      67.47933438953066,
      16.46871620913179
    ]
  ],
  "I0": [
    [
      36.49925000407878,
      22.327169505338333
    ],
    [
      35.487553732604624,
      21.796382548726438
    ]
  ],
  "I1": [
    [
      42.90438211077525,
      20.366489470142866
    ],
    [
      44.66092473720974,
      18.744892938469384
    ]
  ],
  "I2": [
    [
      46.11530270325828,
      17.970971347777326
    ],
    [
      44.83544411678848,
      19.47930386774908
    ]
  ],
  "I3": [
    [
      51.55790014917565,
      18.58966223725734
    ],
    [
      53.855249815390934,
      19.890143602921825
    ]
  ],
  "I4": [
    [
      56.682374899537905,
      21.952062292199003
    ],
    [
      54.50394388432151,
      22.562718009515855
    ]
  ],
  "I5": [
    [
      62.98026667321029,
      21.050364465197084
    ],
    [
      63.797325533303066,
      18.1977940986607
    ]
  ],
  "I6": [
    [
      67.56020184275062,
      19.379370036781367
    ],
    [
      66.1655600869974,
      21.81797887790506
    ]
  ],
  "J0": [
    [
      37.09761035905984,
      25.97560708489338
    ],
    [
      36.286127393791,
      25.319740100459036
    ]
  ],
  "J1": [
    [
      42.3160683626673,
      24.49042693012825
    ],
    [
      41.068146326808396,
      24.64677889932174
    ]
  ],
  "J2": [
    [
      48.022857655923836,
      24.755207081636303
    ],
    [
      46.963158678406835,
      26.829029177675547
    ]
  ],
  "J3": [
    [
      53.9384727468631,
      26.67346427741563
    ],
    [
      51.16523732816843,
      25.900378903892047
    ]
  ],
  "J4": [
    [
      56.25355581789538,
      26.395291357500476
    ],
    [
      55.36218381802154,
      23.726874925186774
    ]
  ],
  "J5": [
    [
      61.646366997135814,
      23.19631402799039
    ],
    [
      59.35487552827929,
      23.00317784266111
    ]
  ],
  "J6": [
    [
      64.75941690909895,
      26.518629191207815
    ],
    [
      67.47951014697979,
      23.57871748311403
    ]
  ],
  "K0": [
    [
      36.59037158703691,
      30.108443306633397
    ],
    [
      38.354331743618104,
      30.700677024228064
    ]
  ],
  "K1": [
    [
      44.4638008713142,
      28.999007057877442
    ],
    [
      43.706638536420435,
      29.719186235081946
    ]
  ],
  "K2": [
    [
      47.30150946862831,
      28.85348215761701
    ],
    [
      45.68462572715488,
      30.363480506276456
    ]
  ],
  "K3": [
    [
      52.470069571458325,
      27.51909549616465
    ],
    [
      51.07908579726188,
      31.997465587963042
    ]
  ],
  "K4": [
    [
      56.616411167690885,
      28.976155822071664
    ],
    [
      57.377660230985484,
      31.960925161238038
    ]
  ],
  "K5": [
    [
      63.60452668908752,
      28.566130109670805
    ],
    [
      59.4707905790399,
      28.044494151516783
    ]
  ],
  "K6": [
    [
      67.05758953532829,
      31.719921335152286
    ],
    [
      66.61998694102803,
      27.485575391116
    ]
  ],
  "L0": [
    [
      36.71436342292094,
      33.009636693940784
    ],
    [
      38.43294318995964,
      36.72986376449593
    ]
  ],
  "L1": [
    [
      43.015606010334615,
      36.308111301673996
    ],
    [
      43.60114041879483,
      36.07101263957089
    ]
  ],
  "L2": [
    [
      48.93143588953053,
      33.316342983839554
    ],
    [
      47.52371566782166,
      37.01049229860597
    ]
  ],
  "L3": [
    [
      51.016081768847286,
      35.42717284731857
    ],
    [
      51.38639952337943,
      35.02360111635182
    ]
  ],
  "L4": [
    [
      58.492136082737666,
      36.84625695686388
    ],
    [
      57.58551639608656,
      33.54760950009638
    ]
  ],