{"A6": [[68.8551661723662, -16.85334671966701], [66.37073238469117, -19.245523764652958]], "B6": [[67.9847806666706, -13.495216586001344], [67.52937496892781, -15.418740869335522]], "C0": [[38.56908080536855, -10.346802287519749], [39.19892681351141, -7.412337080991873]], "C1": [[40.57436499011721, -11.11751625189643], [42.09827212602408, -9.483201372476135]], "C3": [[49.865992391455215, -9.929566513406048], [54.19671778545293, -6.66715997707076]], "C4": [[58.53099463952821, -9.82011387992245], [58.05087545810684, -9.12131098473859]], "D0": [[39.023516563154516, -2.665223481026782], [39.22107303159006, -5.260245664179985]], "D1": [[43.078162930614845, -5.481209192996116], [43.69173735271865, -6.107369289905648]], "D3": [[51.72197306523952, -4.817795053213261], [54.237950793703874, -6.286105569103426]], "D4": [[56.509091020360074, -4.101713096427124], [55.373926989669286, -3.056166250946528]], "E1": [[42.748695378860745, -0.13530552010242092], [41.1458929160227, 1.625357768561348]], "E2": [[49.482480749207, -1.6120008677748854], [48.19575857760137, 1.3086719085033427]], "E3": [[49.54040781712462, 2.758764926247104], [52.683104589422996, 1.9641245874945317]], "E4": [[55.96758771664047, 0.5309248259357253], [57.075616278638044, 0.7291612658677078]], "F2": [[48.45702593804695, 4.092211194311833], [45.11502529114748, 3.76932602880034]], "F3": [[49.67884608636895, 7.246245388237697], [51.518942585702874, 5.131772912256352]], "F4": [[58.471971464479786, 7.729389463771344], [58.82498266373916, 6.5094428538622875]], "F5": [[60.591182137036036, 4.036225029878384], [61.064443100931534, 3.6574007841882548]], "G1": [[42.802109001908335, 8.1405595329098], [43.16274647553079, 9.847467948502178]], "G2": [[46.9223118858938, 9.955997249451356], [47.281063499580505, 9.714155299956778]], "G3": [[53.906636076530646, 9.651740844883967], [51.52301879510658, 9.97466027421053]], "G4": [[57.36480722416433, 11.219282712590742], [57.771538716553344, 10.083098514331649]], "G5": [[63.14468552907607, 10.397008329771863], [63.40695297279558, 11.218170630984021]], "G6": [[68.31945199834668, 11.944437387350206], [68.02830251955079, 8.724096550167722]], "H0": [[36.761942128203806, 15.832407378606392], [37.94125833858074, 15.10092732027624]], "H1": [[42.08382235589613, 15.03343983963714], [41.10456998881102, 13.949573727730778]], "H2": [[48.41049882016705, 14.689426223972177], [45.461388199744974, 16.16590197612134]], "H3": [[54.023819215224066, 17.511651534481373], [53.62452819387972, 14.525923717836363]], "H4": [[57.06148422206538, 14.164487745839338], [57.0407067284425, 12.940179386608198]], "H5": [[60.495212524698054, 14.267901603990936], [60.40607866608237, 13.845770061130416]], "H6": [[67.92680627386729, 12.98394685041465], [68.20363000851785, 15.95596882781078]], "I0": [[36.73663832813734, 22.0304260092099], [37.45925850867022, 20.954204807529823]], "I1": [[44.055536968050504, 20.367628003970694], [40.7807610222004, 22.081574958793773]], "I2": [[45.95827208678619, 19.602142920515917], [45.1593858180752, 19.098666378674377]], "I3": [[53.816920309883464, 21.534556611226428], [51.37134989116037, 20.598711350585983]], "I4": [[55.787457740000555, 20.77137701004185], [55.60309413997595, 18.493123926227668]], "I5": [[63.32528629994877, 21.021900945302637], [61.246184739964924, 21.092543021594942]], "I6": [[64.31383999204529, 19.99583569653051], [64.63307268533542, 19.604505604944634]], "J0": [[38.182969848182985, 24.723059283353614], [36.6263096982482, 23.04754864986807]], "J1": [[43.20996311324316, 24.081353646835787], [42.97256491681992, 27.144112163027387]], "J2": [[46.08620218452201, 25.295468728390876], [47.9442066971202, 24.148592927462012]], "J3": [[51.36843613904081, 24.129848837296702], [51.01325601662491, 24.145804308745458]], "J4": [[58.39053148066473, 26.056154676186356], [58.47886151094299, 23.063506282990737]], "J5": [[63.617335265395056, 24.654761921373773], [60.397410522444716, 23.39670293580686]], "J6": [[68.52550017457682, 25.489530411642054], [68.18434492293682, 26.713688450041133]], "K0": [[39.16958754466152, 31.793120028705264], [38.411531459439836, 30.311664407241455]], "K1": [[40.5279095583974, 28.646574589338837], [42.036346166134294, 30.761300781059806]], "K2": [[45.093448111197624, 31.31635895817628], [48.50963409995693, 31.49433083698905]], "K3": [[54.3829660043587, 31.488101876927697], [50.135394572707995, 28.819310068769145]], "K4": [[56.62961713429626, 31.016522870196983], [55.382365874354655, 31.689104106601313]], "K5": [[61.00873371307272, 27.550527226523545], [59.77872696678206, 29.016630275881237]], "K6": [[66.15711691194879, 31.77607756940644], [65.11696536811314, 29.76852399696053]], "L0": [[39.223306220286986, 35.19186938298491], [38.283193542981714, 32.389018813591704]], "L1": [[41.74122099588996, 33.29313824141062], [42.84314858201602, 32.64843602052131]], "L2": [[44.83404644255124, 35.80503301674536], [46.62325760995824, 35.259015677320505]], "L3": [[50.272336497415104, 36.18597953634331], [50.15042570388683, 33.03590668491341]], "L4": [[54.94315203159045, 36.99215261251713], [58.894380101911075, 35.27389787583387]], "L5": [[62.8825009061647, 36.863406304150715], [61.14994133380122, 35.67224297948482]], "L6": [[66.17458956663255, 34.964279990864114], [66.16573984296531, 35.26237701890001]]}