{"A1": {"max_lat": 44.69230769230769, "min_lat": 39.84615384615385, "max_lon": -16.153846153846153, "min_lon": -21.0}, "A2": {"max_lat": 49.53846153846153, "min_lat": 44.69230769230769, "max_lon": -16.153846153846153, "min_lon": -21.0}, "A3": {"max_lat": 54.38461538461539, "min_lat": 49.53846153846153, "max_lon": -16.153846153846153, "min_lon": -21.0}, "A4": {"max_lat": 59.230769230769226, "min_lat": 54.38461538461539, "max_lon": -16.153846153846153, "min_lon": -21.0}, "A5": {"max_lat": 64.07692307692307, "min_lat": 59.230769230769226, "max_lon": -16.153846153846153, "min_lon": -21.0}, "A6": {"max_lat": 68.92307692307692, "min_lat": 64.07692307692307, "max_lon": -16.153846153846153, "min_lon": -21.0}, "A7": {"max_lat": 73.76923076923077, "min_lat": 68.92307692307692, "max_lon": -16.153846153846153, "min_lon": -21.0}, "C0": {"max_lat": 39.84615384615385, "min_lat": 35.0, "max_lon": -6.4615384615384635, "min_lon": -11.307692307692308}, "C1": {"max_lat": 44.69230769230769, "min_lat": 39.84615384615385, "max_lon": -6.4615384615384635, "min_lon": -11.307692307692308}, "C2": {"max_lat": 49.53846153846153, "min_lat": 44.69230769230769, "max_lon": -6.4615384615384635, "min_lon": -11.307692307692308}, "C3": {"max_lat": 54.38461538461539, "min_lat": 49.53846153846153, "max_lon": -6.4615384615384635, "min_lon": -11.307692307692308}, "C4": {"max_lat": 59.230769230769226, "min_lat": 54.38461538461539, "max_lon": -6.4615384615384635, "min_lon": -11.307692307692308}, "C5": {"max_lat": 64.07692307692307, "min_lat": 59.230769230769226, "max_lon": -6.4615384615384635, "min_lon": -11.307692307692308}, "C6": {"max_lat": 68.92307692307692, "min_lat": 64.07692307692307, "max_lon": -6.4615384615384635, "min_lon": -11.307692307692308}, "C7": {"max_lat": 73.76923076923077, "min_lat": 68.92307692307692, "max_lon": -6.4615384615384635, "min_lon": -11.307692307692308}, "D0": {"max_lat": 39.84615384615385, "min_lat": 35.0, "max_lon": -1.6153846153846168, "min_lon": -6.4615384615384635}, "D1": {"max_lat": 44.69230769230769, "min_lat": 39.84615384615385, "max_lon": -1.6153846153846168, "min_lon": -6.4615384615384635}, "D2": {"max_lat": 49.53846153846153, "min_lat": 44.69230769230769, "max_lon": -1.6153846153846168, "min_lon": -6.4615384615384635}, "D3": {"max_lat": 54.38461538461539, "min_lat": 49.53846153846153, "max_lon": -1.6153846153846168, "min_lon": -6.4615384615384635}, "D4": {"max_lat": 59.230769230769226, "min_lat": 54.38461538461539, "max_lon": -1.6153846153846168, "min_lon": -6.4615384615384635}, "D5": {"max_lat": 64.07692307692307, "min_lat": 59.230769230769226, "max_lon": -1.6153846153846168, "min_lon": -6.4615384615384635}, "D6": {"max_lat": 68.92307692307692, "min_lat": 64.07692307692307, "max_lon": -1.6153846153846168, "min_lon": -6.4615384615384635}, "D7": {"max_lat": 73.76923076923077, "min_lat": 68.92307692307692, "max_lon": -1.6153846153846168, "min_lon": -6.4615384615384635}, "E0": {"max_lat": 39.84615384615385, "min_lat": 35.0, "max_lon": 3.23076923076923, "min_lon": -1.6153846153846168}, "E1": {"max_lat": 44.69230769230769, "min_lat": 39.84615384615385, "max_lon": 3.23076923076923, "min_lon": -1.6153846153846168}, "E2": {"max_lat": 49.53846153846153, "min_lat": 44.69230769230769, "max_lon": 3.23076923076923, "min_lon": -1.6153846153846168}, "E3": {"max_lat": 54.38461538461539, "min_lat": 49.53846153846153, "max_lon": 3.23076923076923, "min_lon": -1.6153846153846168}, "E4": {"max_lat": 59.230769230769226, "min_lat": 54.38461538461539, "max_lon": 3.23076923076923, "min_lon": -1.6153846153846168}, "E5": {"max_lat": 64.07692307692307, "min_lat": 59.230769230769226, "max_lon": 3.23076923076923, "min_lon": -1.6153846153846168}, "E6": {"max_lat": 68.92307692307692, "min_lat": 64.07692307692307, "max_lon": 3.23076923076923, "min_lon": -1.6153846153846168}, "E7": {"max_lat": 73.76923076923077, "min_lat": 68.92307692307692, "max_lon": 3.23076923076923, "min_lon": -1.6153846153846168}, "F0": {"max_lat": 39.84615384615385, "min_lat": 35.0, "max_lon": 8.076923076923073, "min_lon": 3.23076923076923}, "F1": {"max_lat": 44.69230769230769, "min_lat": 39.84615384615385, "max_lon": 8.076923076923073, "min_lon": 3.23076923076923}, "F5": {"max_lat": 64.07692307692307, "min_lat": 59.230769230769226, "max_lon": 8.076923076923073, "min_lon": 3.23076923076923}, "F6": {"max_lat": 68.92307692307692, "min_lat": 64.07692307692307, "max_lon": 8.076923076923073, "min_lon": 3.23076923076923}, "F7": {"max_lat": 73.76923076923077, "min_lat": 68.92307692307692, "max_lon": 8.076923076923073, "min_lon": 3.23076923076923}, "G0": {"max_lat": 39.84615384615385, "min_lat": 35.0, "max_lon": 12.92307692307692, "min_lon": 8.076923076923073}, "G1": {"max_lat": 44.69230769230769, "min_lat": 39.84615384615385, "max_lon": 12.92307692307692, "min_lon": 8.076923076923073}, "G5": {"max_lat": 64.07692307692307, "min_lat": 59.230769230769226, "max_lon": 12.92307692307692, "min_lon": 8.076923076923073}, "G6": {"max_lat": 68.92307692307692, "min_lat": 64.07692307692307, "max_lon": 12.92307692307692, "min_lon": 8.076923076923073}, "G7": {"max_lat": 73.76923076923077, "min_lat": 68.92307692307692, "max_lon": 12.92307692307692, "min_lon": 8.076923076923073}, "H0": {"max_lat": 39.84615384615385, "min_lat": 35.0, "max_lon": 17.769230769230766, "min_lon": 12.92307692307692}, "H1": {"max_lat": 44.69230769230769, "min_lat": 39.84615384615385, "max_lon": 17.769230769230766, "min_lon": 12.92307692307692}, "H5": {"max_lat": 64.07692307692307, "min_lat": 59.230769230769226, "max_lon": 17.769230769230766, "min_lon": 12.92307692307692}, "H6": {"max_lat": 68.92307692307692, "min_lat": 64.07692307692307, "max_lon": 17.769230769230766, "min_lon": 12.92307692307692}, "H7": {"max_lat": 73.76923076923077, "min_lat": 68.92307692307692, "max_lon": 17.769230769230766, "min_lon": 12.92307692307692}, "I0": {"max_lat": 39.84615384615385, "min_lat": 35.0, "max_lon": 22.615384615384613, "min_lon": 17.769230769230766}, "I1": {"max_lat": 44.69230769230769, "min_lat": 39.84615384615385, "max_lon": 22.615384615384613, "min_lon": 17.769230769230766}, "I2": {"max_lat": 49.53846153846153, "min_lat": 44.69230769230769, "max_lon": 22.615384615384613, "min_lon": 17.769230769230766}, "I3": {"max_lat": 54.38461538461539, "min_lat": 49.53846153846153, "max_lon": 22.615384615384613, "min_lon": 17.769230769230766}, "I4": {"max_lat": 59.230769230769226, "min_lat": 54.38461538461539, "max_lon": 22.615384615384613, "min_lon": 17.769230769230766}, "I5": {"max_lat": 64.07692307692307, "min_lat": 59.230769230769226, "max_lon": 22.615384615384613, "min_lon": 17.769230769230766}, "I6": {"max_lat": 68.92307692307692, "min_lat": 64.07692307692307, "max_lon": 22.615384615384613, "min_lon": 17.769230769230766}, "I7": {"max_lat": 73.76923076923077, "min_lat": 68.92307692307692, "max_lon": 22.615384615384613, "min_lon": 17.769230769230766}, "J0": {"max_lat": 39.84615384615385, "min_lat": 35.0, "max_lon": 27.46153846153846, "min_lon": 22.615384615384613}, "J1": {"max_lat": 44.69230769230769, "min_lat": 39.84615384615385, "max_lon": 27.46153846153846, "min_lon": 22.615384615384613}, "J2": {"max_lat": 49.53846153846153, "min_lat": 44.69230769230769, "max_lon": 27.46153846153846, "min_lon": 22.615384615384613}, "J3": {"max_lat": 54.38461538461539, "min_lat": 49.53846153846153, "max_lon": 27.46153846153846, "min_lon": 22.615384615384613}, "J4": {"max_lat": 59.230769230769226, "min_lat": 54.38461538461539, "max_lon": 27.46153846153846, "min_lon": 22.615384615384613}, "J5": {"max_lat": 64.07692307692307, "min_lat": 59.230769230769226, "max_lon": 27.46153846153846, "min_lon": 22.615384615384613}, "J6": {"max_lat": 68.92307692307692, "min_lat": 64.07692307692307, "max_lon": 27.46153846153846, "min_lon": 22.615384615384613}, "J7": {"max_lat": 73.76923076923077, "min_lat": 68.92307692307692, "max_lon": 27.46153846153846, "min_lon": 22.615384615384613}, "K0": {"max_lat": 39.84615384615385, "min_lat": 35.0, "max_lon": 32.30769230769231, "min_lon": 27.46153846153846},