{"A0": {"max_lat": 41.3, "min_lat": 35.0, "max_lon": -14.7, "min_lon": -21.0}, "A1": {"max_lat": 47.6, "min_lat": 41.3, "max_lon": -14.7, "min_lon": -21.0}, "A2": {"max_lat": 53.9, "min_lat": 47.6, "max_lon": -14.7, "min_lon": -21.0}, "A3": {"max_lat": 60.2, "min_lat": 53.9, "max_lon": -14.7, "min_lon": -21.0}, "A4": {"max_lat": 66.5, "min_lat": 60.2, "max_lon": -14.7, "min_lon": -21.0}, "A5": {"max_lat": 72.8, "min_lat": 66.5, "max_lon": -14.7, "min_lon": -21.0}, "B0": {"max_lat": 41.3, "min_lat": 35.0, "max_lon": -8.4, "min_lon": -14.7}, "B1": {"max_lat": 47.6, "min_lat": 41.3, "max_lon": -8.4, "min_lon": -14.7}, "B2": {"max_lat": 53.9, "min_lat": 47.6, "max_lon": -8.4, "min_lon": -14.7}, "B3": {"max_lat": 60.2, "min_lat": 53.9, "max_lon": -8.4, "min_lon": -14.7}, "B4": {"max_lat": 66.5, "min_lat": 60.2, "max_lon": -8.4, "min_lon": -14.7}, "B5": {"max_lat": 72.8, "min_lat": 66.5, "max_lon": -8.4, "min_lon": -14.7}, "C0": {"max_lat": 41.3, "min_lat": 35.0, "max_lon": -2.1000000000000014, "min_lon": -8.4}, "C1": {"max_lat": 47.6, "min_lat": 41.3, "max_lon": -2.1000000000000014, "min_lon": -8.4}, "C2": {"max_lat": 53.9, "min_lat": 47.6, "max_lon": -2.1000000000000014, "min_lon": -8.4}, "C3": {"max_lat": 60.2, "min_lat": 53.9, "max_lon": -2.1000000000000014, "min_lon": -8.4}, "C4": {"max_lat": 66.5, "min_lat": 60.2, "max_lon": -2.1000000000000014, "min_lon": -8.4}, "C5": {"max_lat": 72.8, "min_lat": 66.5, "max_lon": -2.1000000000000014, "min_lon": -8.4}, "D0": {"max_lat": 41.3, "min_lat": 35.0, "max_lon": 4.199999999999999, "min_lon": -2.1000000000000014}, "D1": {"max_lat": 47.6, "min_lat": 41.3, "max_lon": 4.199999999999999, "min_lon": -2.1000000000000014}, "D2": {"max_lat": 53.9, "min_lat": 47.6, "max_lon": 4.199999999999999, "min_lon": -2.1000000000000014}, "D3": {"max_lat": 60.2, "min_lat": 53.9, "max_lon": 4.199999999999999, "min_lon": -2.1000000000000014}, "D4": {"max_lat": 66.5, "min_lat": 60.2, "max_lon": 4.199999999999999, "min_lon": -2.1000000000000014}, "D5": {"max_lat": 72.8, "min_lat": 66.5, "max_lon": 4.199999999999999, "min_lon": -2.1000000000000014}, "E0": {"max_lat": 41.3, "min_lat": 35.0, "max_lon": 10.5, "min_lon": 4.199999999999999}, "E1": {"max_lat": 47.6, "min_lat": 41.3, "max_lon": 10.5, "min_lon": 4.199999999999999}, "E2": {"max_lat": 53.9, "min_lat": 47.6, "max_lon": 10.5, "min_lon": 4.199999999999999}, "E3": {"max_lat": 60.2, "min_lat": 53.9, "max_lon": 10.5, "min_lon": 4.199999999999999}, "E4": {"max_lat": 66.5, "min_lat": 60.2, "max_lon": 10.5, "min_lon": 4.199999999999999}, "E5": {"max_lat": 72.8, "min_lat": 66.5, "max_lon": 10.5, "min_lon": 4.199999999999999}, "F0": {"max_lat": 41.3, "min_lat": 35.0, "max_lon": 16.799999999999997, "min_lon": 10.5}, "F1": {"max_lat": 47.6, "min_lat": 41.3, "max_lon": 16.799999999999997, "min_lon": 10.5}, "F2": {"max_lat": 53.9, "min_lat": 47.6, "max_lon": 16.799999999999997, "min_lon": 10.5}, "F3": {"max_lat": 60.2, "min_lat": 53.9, "max_lon": 16.799999999999997, "min_lon": 10.5}, "F4": {"max_lat": 66.5, "min_lat": 60.2, "max_lon": 16.799999999999997, "min_lon": 10.5}, "F5": {"max_lat": 72.8, "min_lat": 66.5, "max_lon": 16.799999999999997, "min_lon": 10.5}, "G0": {"max_lat": 41.3, "min_lat": 35.0, "max_lon": 23.1, "min_lon": 16.799999999999997}, "G1": {"max_lat": 47.6, "min_lat": 41.3, "max_lon": 23.1, "min_lon": 16.799999999999997}, "G2": {"max_lat": 53.9, "min_lat": 47.6, "max_lon": 23.1, "min_lon": 16.799999999999997}, "G3": {"max_lat": 60.2, "min_lat": 53.9, "max_lon": 23.1, "min_lon": 16.799999999999997}, "G4": {"max_lat": 66.5, "min_lat": 60.2, "max_lon": 23.1, "min_lon": 16.799999999999997}, "G5": {"max_lat": 72.8, "min_lat": 66.5, "max_lon": 23.1, "min_lon": 16.799999999999997}, "H0": {"max_lat": 41.3, "min_lat": 35.0, "max_lon": 29.4, "min_lon": 23.1}, "H1": {"max_lat": 47.6, "min_lat": 41.3, "max_lon": 29.4, "min_lon": 23.1}, "H2": {"max_lat": 53.9, "min_lat": 47.6, "max_lon": 29.4, "min_lon": 23.1}, "H3": {"max_lat": 60.2, "min_lat": 53.9, "max_lon": 29.4, "min_lon": 23.1}, "H4": {"max_lat": 66.5, "min_lat": 60.2, "max_lon": 29.4, "min_lon": 23.1}, "H5": {"max_lat": 72.8, "min_lat": 66.5, "max_lon": 29.4, "min_lon": 23.1}, "I0": {"max_lat": 41.3, "min_lat": 35.0, "max_lon": 35.699999999999996, "min_lon": 29.4}, "I1": {"max_lat": 47.6, "min_lat": 41.3, "max_lon": 35.699999999999996, "min_lon": 29.4}, "I2": {"max_lat": 53.9, "min_lat": 47.6, "max_lon": 35.699999999999996, "min_lon": 29.4}, "I3": {"max_lat": 60.2, "min_lat": 53.9, "max_lon": 35.699999999999996, "min_lon": 29.4}, "I4": {"max_lat": 66.5, "min_lat": 60.2, "max_lon": 35.699999999999996, "min_lon": 29.4}, "I5": {"max_lat": 72.8, "min_lat": 66.5, "max_lon": 35.699999999999996, "min_lon": 29.4}, "J0": {"max_lat": 41.3, "min_lat": 35.0, "max_lon": 42.0, "min_lon": 35.699999999999996}, "J1": {"max_lat": 47.6, "min_lat": 41.3, "max_lon": 42.0, "min_lon": 35.699999999999996}, "J2": {"max_lat": 53.9, "min_lat": 47.6, "max_lon": 42.0, "min_lon": 35.699999999999996}, "J3": {"max_lat": 60.2, "min_lat": 53.9, "max_lon": 42.0, "min_lon": 35.699999999999996}, "J4": {"max_lat": 66.5, "min_lat": 60.2, "max_lon": 42.0, "min_lon": 35.699999999999996}, "J5": {"max_lat": 72.8, "min_lat": 66.5, "max_lon": 42.0, "min_lon": 35.699999999999996}}